{
  "appiano": {
    "value": [
      45.73499,
      8.98103
    ],
    "saved_at": 1774186750.2459848
  },
  "oltrona": {
    "value": [
      45.75578,
      8.97673
    ],
    "saved_at": 1774186933.080236
  },
  "culo": {
    "value": [
      -26.01389,
      32.95972
    ],
    "saved_at": 1774189010.039253
  },
  "varese": {
    "value": [
      45.82058,
      8.82511
    ],
    "saved_at": 1774191568.1947365
  },
  "como": {
    "value": [
      45.80819,
      9.0832
    ],
    "saved_at": 1774689443.0021029
  },
  "milano": {
    "value": [
      45.46427,
      9.18951
    ],
    "saved_at": 1774689805.4730606
  }
}